Country name,Ladder score,Standard error of ladder score,upperwhisker,lowerwhisker,Logged GDP per capita,Social support,Healthy life expectancy,Freedom to make life choices,Generosity,Perceptions of corruption,Ladder score in Dystopia,Explained by: Log GDP per capita,Explained by: Social support,Explained by: Healthy life expectancy,Explained by: Freedom to make life choices,Explained by: Generosity,Explained by: Perceptions of corruption,Dystopia + residual
Finland,7.80420017242432,0.0361623615026474,7.87507820129395,7.73332214355469,10.792010307312,0.968769609928131,71.1499938964844,0.961407899856567,-0.018824165686965,0.181744560599327,1.77782511711121,1.88838040828705,1.58489966392517,0.534573674201965,0.771509945392609,0.126331195235252,0.535298585891724,2.36324119567871
Denmark,7.58640003204346,0.0410279482603073,7.66681480407715,7.50598526000977,10.9621639251709,0.954112231731415,71.2501449584961,0.93353283405304,0.134242162108421,0.195813894271851,1.77782511711121,1.94940555095673,1.54787480831146,0.537302494049072,0.734415888786316,0.208458513021469,0.525221168994904,2.08376550674438
Iceland,7.52960014343262,0.0486115179955959,7.62487888336182,7.43432140350342,10.8955307006836,0.982533097267151,72.0500183105469,0.936349213123322,0.210986539721489,0.667847812175751,1.77782511711121,1.92550766468048,1.61966645717621,0.559096395969391,0.738163709640503,0.249635487794876,0.187118783593178,2.25038242340088
Israel,7.47289991378784,0.0316088572144508,7.53485345840454,7.41094636917114,10.6387052536011,0.943343997001648,72.6972045898438,0.8088658452034,-0.023080050945282,0.708093583583832,1.77782511711121,1.8333979845047,1.52067387104034,0.576730012893677,0.568518280982971,0.124047711491585,0.158292055130005,2.6912899017334
Netherlands,7.40299987792969,0.0292941853404045,7.46041631698608,7.34558343887329,10.9422788619995,0.930499315261841,71.5500183105469,0.886875092983246,0.212686151266098,0.378929287195206,1.77782511711121,1.94227385520935,1.48822796344757,0.545473039150238,0.672327220439911,0.250547409057617,0.394061654806137,2.1100435256958
Sweden,7.3951997756958,0.0373615100979805,7.46842813491821,7.32197141647339,10.8828229904175,0.93924868106842,72.1501541137695,0.947971045970917,0.164788573980331,0.202448382973671,1.77782511711121,1.92095017433167,1.51032900810242,0.56182473897934,0.753629207611084,0.224848091602325,0.520469129085541,1.90312719345093
Norway,7.31549978256226,0.0441427789628506,7.40201950073242,7.22898006439209,11.0877304077148,0.943476557731628,71.5000228881836,0.946616411209106,0.140636056661606,0.282744705677032,1.77782511711121,1.99443960189819,1.52100872993469,0.544110834598541,0.751826524734497,0.211889117956161,0.462955474853516,1.829270362854
Switzerland,7.24009990692139,0.0427887141704559,7.32396554946899,7.15623426437378,11.1640272140503,0.92043924331665,72.8999557495117,0.891074419021606,0.0266864188015461,0.266347587108612,1.77782511711121,2.02180314064026,1.46281599998474,0.582254350185394,0.677915334701538,0.150749772787094,0.474700212478638,1.8698468208313
Luxembourg,7.22790002822876,0.0690805241465569,7.36329793930054,7.09250211715698,11.6599493026733,0.878500759601593,71.6750030517578,0.914938449859619,0.0239496231079102,0.344978302717209,1.77782511711121,2.19966435432434,1.35687851905823,0.54887843132019,0.709671854972839,0.149281352758408,0.418379575014114,1.84518051147461
New Zealand,7.12290000915527,0.0382267981767654,7.19782447814941,7.04797554016113,10.661865234375,0.952398359775543,70.3500518798828,0.886574268341064,0.174828231334686,0.271205455064774,1.77782511711121,1.84170424938202,1.54354560375214,0.512777924537659,0.671926915645599,0.230234831571579,0.471220701932907,1.8515191078186
Austria,7.09730005264282,0.0404010862112045,7.17648601531982,7.01811408996582,10.8989057540894,0.888435840606689,71.1500473022461,0.854737281799316,0.101604469120502,0.49677437543869,1.77782511711121,1.92671811580658,1.38197469711304,0.534575164318085,0.629560589790344,0.190946832299232,0.309653073549271,2.12389612197876
Australia,7.09460020065308,0.0435496680438519,7.17995738983154,7.00924301147461,10.8210487365723,0.933870434761047,71.0499420166016,0.890199601650238,0.19756107032299,0.495915740728378,1.77782511711121,1.89879500865936,1.49674344062805,0.531847596168518,0.67675119638443,0.242432087659836,0.310268074274063,1.93774271011353
Canada,6.96070003509522,0.0416626334190369,7.04235887527466,6.87904119491577,10.7726554870605,0.92879331111908,71.4000396728516,0.874468147754669,0.152546510100365,0.420211404561996,1.77782511711121,1.88143885135651,1.48391854763031,0.541386604309082,0.655816972255707,0.218279644846916,0.36449259519577,1.81537675857544
Ireland,6.91079998016357,0.0435339249670506,6.99612665176392,6.82547330856323,11.527361869812,0.905368447303772,71.2999572753906,0.874381065368652,0.0916595235466957,0.357952237129211,1.77782511711121,2.15211224555969,1.42474675178528,0.538659691810608,0.655701100826263,0.18561090528965,0.409086793661118,1.54490518569946
United States,6.89370012283325,0.0469230115413666,6.98566913604736,6.80173110961914,11.0482492446899,0.919162154197693,65.8502502441406,0.800488114356995,0.136504903435707,0.688594698905945,1.77782511711121,1.98027980327606,1.45958995819092,0.390173345804214,0.557369828224182,0.209672555327415,0.172258466482162,2.12434816360474
Germany,6.89179992675781,0.0494862608611584,6.98879289627075,6.79480695724487,10.8786096572876,0.895954787731171,71.2998352050781,0.845851480960846,0.0300377290695906,0.419564127922058,1.77782511711121,1.91943895816803,1.40096783638001,0.538656353950501,0.617736041545868,0.152547910809517,0.364956229925156,1.89752531051636
Belgium,6.85909986495972,0.0339434407651424,6.92562913894653,6.7925705909729,10.8435869216919,0.914870977401733,70.8990859985352,0.82522851228714,0.00141938508022577,0.548573434352875,1.77782511711121,1.90687823295593,1.44875037670136,0.527737319469452,0.590292513370514,0.137192815542221,0.272551089525223,1.97574281692505
Czechia,6.8452000617981,0.0438173189759254,6.93108177185059,6.75931835174561,10.6110200881958,0.952577948570251,69.0497436523438,0.90251487493515,0.039763081818819,0.858949184417725,1.77782511711121,1.82346880435944,1.54399907588959,0.477348864078522,0.693139493465424,0.15776601433754,0.0502391494810581,2.09923934936523
United Kingdom,6.79559993743897,0.0415226258337498,6.87698411941528,6.71421575546265,10.7042446136475,0.882204711437225,70.3000030517578,0.85219156742096,0.253307521343231,0.454079747200012,1.77782511711121,1.85690343379974,1.36623477935791,0.511414289474487,0.626172959804535,0.272342681884766,0.340233832597733,1.82233810424805
Lithuania,6.76300001144409,0.0440351031720638,6.84930896759033,6.67669105529785,10.5678386688232,0.939346611499786,67.3969955444336,0.747852027416229,-0.145212829113007,0.805086731910706,1.77782511711121,1.80798184871674,1.51057648658752,0.432316988706589,0.487325608730316,0.0585177168250084,0.0888190567493439,2.37742948532104
France,6.66130018234253,0.0376057401299477,6.73500728607178,6.58759307861328,10.7007350921631,0.908803761005402,72.3000564575195,0.818730354309082,-0.100289851427078,0.552618503570557,1.77782511711121,1.85564482212067,1.43342459201813,0.565909087657928,0.581645250320435,0.0826210081577301,0.269653737545013,1.87244606018066
Slovenia,6.64989995956421,0.0508371666073799,6.74954080581665,6.55025911331177,10.5882911682129,0.950524747371674,71.0518493652344,0.913280487060547,0.0144006377086043,0.771246016025543,1.77782511711121,1.81531715393066,1.53881275653839,0.531899571418762,0.707465529441834,0.144157871603966,0.113058045506477,1.7991509437561
Costa Rica,6.6085000038147,0.0516055151820183,6.70964670181274,6.50735330581665,9.95156669616699,0.871637940406799,70,0.895020961761475,-0.0698049068450928,0.767810046672821,1.77782511711121,1.58695769309998,1.33954274654388,0.503240168094635,0.683167159557343,0.0989776253700256,0.115519121289253,2.28106117248535
Romania,6.5890998840332,0.0515877231955528,6.6902117729187,6.48798799514771,10.3390550613403,0.847961902618408,67.0508575439453,0.855814576148987,-0.171748369932175,0.929089426994324,1.77782511711121,1.72592926025391,1.27973651885986,0.422885894775391,0.630994200706482,0.0442801453173161,0,2.48531055450439
Singapore,6.58669996261597,0.0679196491837502,6.7198224067688,6.45357751846314,11.5714979171753,0.877539694309235,73.8000030517578,0.8776695728302,0.0627389848232269,0.146112382411957,1.77782511711121,2.1679413318634,1.35445094108582,0.606777608394623,0.660077214241028,0.170093670487404,0.560820698738098,1.06655550003052
United Arab Emirates,6.57119989395142,0.0432604178786278,6.65599012374878,6.48640966415405,11.1451740264893,0.825512707233429,66.2431564331055,0.941783547401428,0.0956914871931076,0.583792865276337,1.77782511711121,2.01504158973694,1.22302949428558,0.400878727436066,0.745395302772522,0.187774255871773,0.247324585914612,1.75178194046021
Taiwan Province of China,6.53539991378784,0.0468713939189911,6.62726783752441,6.44353199005127,10.797459602356,0.88442462682724,69.5999984741211,0.803920984268189,-0.128957808017731,0.680981755256653,1.77782511711121,1.89033472537994,1.37184238433838,0.492341488599777,0.561938047409058,0.0672392994165421,0.177711367607117,1.9740161895752
Uruguay,6.49389982223511,0.0456733591854572,6.58341979980469,6.40437984466553,10.036509513855,0.913208961486816,67.5,0.89520001411438,-0.0646173283457756,0.574579119682312,1.77782511711121,1.61742210388184,1.44455206394196,0.435123533010483,0.68340539932251,0.101760998368263,0.253924071788788,1.95772075653076
Slovakia,6.46859979629517,0.0556276775896549,6.57763004302979,6.35956954956055,10.3534336090088,0.952560603618622,68.8378372192383,0.753227889537811,-0.0164425987750292,0.897835910320282,1.77782511711121,1.73108613491058,1.54395532608032,0.471575140953064,0.494479417800903,0.127609014511108,0.0223858673125505,2.07755851745605
Saudi Arabia,6.46260023117065,0.0606304109096527,6.5814356803894,6.3437647819519,10.7154512405396,0.883869171142578,64.399299621582,0.893814980983734,-0.0806520581245422,0.691308975219727,1.77782511711121,1.86092269420624,1.37043917179108,0.350639760494232,0.681562304496765,0.0931576117873192,0.170314326882362,1.93555927276611
Estonia,6.4552001953125,0.0400597006082535,6.53371715545654,6.37668323516846,10.5413379669189,0.945625901222229,69.6501693725586,0.928790748119354,0.0317642949521542,0.40946701169014,1.77782511711121,1.79847741127014,1.52643799781799,0.493708491325378,0.728105485439301,0.153474286198616,0.372188478708267,1.38280963897705
Spain,6.43620014190674,0.0421552807092667,6.51882457733154,6.35357570648193,10.5403003692627,0.931739926338196,72.3499755859375,0.782114565372467,-0.0659279972314835,0.710518538951874,1.77782511711121,1.79810535907745,1.49136173725128,0.567269206047058,0.532919645309448,0.101057767868042,0.156555145978928,1.78897857666016
Italy,6.40450000762939,0.054324597120285,6.51097631454468,6.29802370071411,10.634051322937,0.881569504737854,72.0500030517578,0.710513591766357,-0.0735428035259247,0.841753900051117,1.77782511711121,1.83172881603241,1.36463010311127,0.559095978736877,0.437638372182846,0.0969720631837845,0.0625555664300919,2.05190467834473
Kosovo,6.36759996414185,0.0601270422339439,6.48544883728027,6.24975109100342,9.35909748077393,0.843792796134949,65.1949920654297,0.861473560333252,0.25871667265892,0.866122901439667,1.77782511711121,1.37447023391724,1.26920533180237,0.372319728136063,0.63852471113205,0.275244921445847,0.0451008528470993,2.39271903038025
Chile,6.33379983901978,0.0461522825062275,6.4242582321167,6.24334144592285,10.1139717102051,0.88913106918335,70.2998275756836,0.792262017726898,-0.0110291121527553,0.822749853134155,1.77782511711121,1.64520370960236,1.38373076915741,0.511409521102905,0.546423137187958,0.130513608455658,0.0761675387620926,2.04032135009766
Mexico,6.32950019836426,0.0570625104010105,6.44134283065796,6.21765756607056,9.84960174560547,0.804008066654205,65.8000030517578,0.85622364282608,-0.0935604721307755,0.768350720405579,1.77782511711121,1.55038821697235,1.16870832443237,0.388804256916046,0.631538510322571,0.086231641471386,0.115131855010986,2.38872885704041
Malta,6.29990005493164,0.0447013936936855,6.38751459121704,6.21228551864624,10.6608657836914,0.922677516937256,71.6000366210938,0.885637521743774,0.119314983487129,0.728866159915924,1.77782511711121,1.84134578704834,1.46846985816956,0.546835839748383,0.670680344104767,0.200449347496033,0.143413349986076,1.42866563796997
Panama,6.2645001411438,0.0814049988985062,6.42405414581299,6.10494613647461,10.3050594329834,0.896301090717316,68.9502716064453,0.855096340179443,-0.133390426635742,0.878297388553619,1.77782511711121,1.71373689174652,1.40184259414673,0.47463858127594,0.630038380622864,0.0648609921336174,0.0363806672394276,1.9430456161499
Poland,6.25969982147217,0.0422864258289337,6.34258127212524,6.17681837081909,10.4529418945313,0.925056576728821,69.0489196777344,0.765491843223572,-0.0309511870145798,0.735566556453705,1.77782511711121,1.76677441596985,1.47447943687439,0.477326422929764,0.51079934835434,0.119824476540089,0.138614073395729,1.77184772491455
Nicaragua,6.25880002975464,0.0763169303536415,6.40838098526001,6.10921907424927,8.61768817901611,0.852812230587006,65.6495666503906,0.877430200576782,0.0209305360913277,0.625008940696716,1.77782511711121,1.10856580734253,1.2919887304306,0.384705364704132,0.659758627414703,0.147661462426186,0.217802852392197,2.44832348823547
Latvia,6.21269989013672,0.041842807084322,6.29471158981323,6.13068819046021,10.3703212738037,0.93712842464447,66.4003677368164,0.817607343196869,-0.055582482367754,0.83025199174881,1.77782511711121,1.73714280128479,1.50497317314148,0.405162215232849,0.580150842666626,0.106608621776104,0.0707940086722374,1.80787658691406
Bahrain,6.17320013046265,0.0999447852373123,6.36909198760986,5.97730827331543,10.7757816314697,0.843845427036285,65.8249969482422,0.943972587585449,0.117025144398212,0.736698567867279,1.77782511711121,1.88256001472473,1.26933836936951,0.389485269784927,0.748308300971985,0.1992207467556,0.137803256511688,1.54645967483521
Guatemala,6.15030002593994,0.107956916093826,6.36189556121826,5.93870449066162,9.11570930480957,0.811733901500702,62.9000015258789,0.855967521667481,-0.0572603940963745,0.836575746536255,1.77782511711121,1.28717970848084,1.18822395801544,0.309788882732391,0.631197690963745,0.105708345770836,0.0662645101547241,2.5619683265686
Kazakhstan,6.14389991760254,0.048390980809927,6.23874616622925,6.04905366897583,10.1660661697388,0.931446969509125,65.8017349243164,0.853236615657806,-0.000482663774164394,0.721460282802582,1.77782511711121,1.66388726234436,1.49062192440033,0.388851463794708,0.62756359577179,0.136172264814377,0.148717939853668,1.68805885314941
Serbia,6.14359998703003,0.079274907708168,6.29897880554199,5.98822116851807,9.85398006439209,0.873047649860382,67.0876159667969,0.845036029815674,0.203995332121849,0.816429853439331,1.77782511711121,1.55195844173431,1.34310388565063,0.423887431621552,0.616650879383087,0.245884373784065,0.0806943476200104,1.88141059875488
Cyprus,6.13000011444092,0.0539054311811924,6.23565483093262,6.02434539794922,10.6112060546875,0.826080739498138,72.8019409179688,0.723873674869537,-0.0600265711545944,0.859785974025726,1.77782511711121,1.8235354423523,1.22446429729462,0.579583764076233,0.455417007207871,0.104224160313606,0.0496397875249386,1.89310169219971
Japan,6.12900018692017,0.0417039282619953,6.2107400894165,6.04726028442383,10.6156578063965,0.894116461277008,74.3494644165039,0.799495100975037,-0.236936539411545,0.639916062355042,1.77782511711121,1.82513213157654,1.39632415771484,0.621748626232147,0.556048393249512,0.00930361822247505,0.207125380635262,1.51333570480347
Croatia,6.125,0.0571322701871395,6.23697948455811,6.01302051544189,10.3407392501831,0.91718065738678,68.9499816894531,0.757123351097107,-0.0926464051008225,0.925282835960388,1.77782511711121,1.72653329372406,1.45458471775055,0.474630683660507,0.499663203954697,0.0867220833897591,0.00272653601132333,1.8801097869873
Brazil,6.12459993362427,0.06485765427351,6.25172090530396,5.99747896194458,9.58218765258789,0.836276650428772,65.7487106323242,0.801328539848328,-0.00936996284872294,0.737685143947601,1.77782511711121,1.45448088645935,1.25021946430206,0.387406706809998,0.558488190174103,0.13140381872654,0.137096598744392,2.20546984672546
El Salvador,6.12160015106201,0.069260761141777,6.25735139846802,5.98584890365601,9.08911609649658,0.754742801189423,65.5969161987305,0.917532086372376,-0.107904955744743,0.619613468647003,1.77782511711121,1.27764213085175,1.04426312446594,0.383270829916,0.713123261928558,0.0785351470112801,0.22166745364666,2.40314674377441
Hungary,6.04120016098022,0.0551410615444183,6.14927673339844,5.93312358856201,10.4186820983887,0.942637324333191,67.5004501342773,0.757816672325134,-0.0591716542840004,0.838859975337982,1.77782511711121,1.75448727607727,1.51888883113861,0.435135781764984,0.500585794448853,0.104682870209217,0.064628392457962,1.66278839111328
Argentina,6.02370023727417,0.0628900080919266,6.14696455001831,5.90043592453003,9.95878791809082,0.890890061855316,67.200080871582,0.822678208351135,-0.0894799306988716,0.814013361930847,1.77782511711121,1.58954751491547,1.38817417621613,0.426951736211777,0.586898744106293,0.0884210467338562,0.0824252068996429,1.86125707626343
Honduras,6.02250003814697,0.0886720418930054,6.19629716873169,5.84870290756226,8.63523483276367,0.765569388866425,64.0630111694336,0.842606484889984,0.0973521620035172,0.842901051044464,1.77782511711121,1.11485886573792,1.07161128520966,0.341477036476135,0.61341780424118,0.188665270805359,0.0617339015007019,2.63073778152466
Uzbekistan,6.01429986953735,0.0589000359177589,6.12974405288696,5.89885568618774,8.94840621948242,0.874754011631012,65.3005142211914,0.937914907932282,0.229531764984131,0.638172388076782,1.77782511711121,1.22717690467834,1.34741413593292,0.375194847583771,0.740247189998627,0.259585857391357,0.208374321460724,1.8563084602356
Malaysia,6.01230001449585,0.0787539631128311,6.1666579246521,5.8579421043396,10.1690855026245,0.798607647418976,65.6623382568359,0.876727819442749,0.15958733856678,0.758468866348267,1.77782511711121,1.66497015953064,1.15506672859192,0.385053366422653,0.658823966979981,0.222057372331619,0.122209899127483,1.80408811569214
Portugal,5.96799993515015,0.0548708587884903,6.0755467414856,5.8604531288147,10.4286527633667,0.877972424030304,71.2503967285156,0.902433216571808,-0.196075186133385,0.878076314926147,1.77782511711121,1.75806319713593,1.35554397106171,0.537309348583221,0.693030834197998,0.0312276612967253,0.036539014428854,1.55632638931274
South Korea,5.95109987258911,0.0454473532736301,6.04017686843872,5.8620228767395,10.6926746368408,0.811611592769623,73.6501846313477,0.716827094554901,-0.0462142340838909,0.701178550720215,1.77782511711121,1.85275399684906,1.18791496753693,0.60269558429718,0.446039915084839,0.111635126173496,0.163245067000389,1.58676862716675
Greece,5.93090009689331,0.0476422645151615,6.02427911758423,5.83752107620239,10.2881555557251,0.834951400756836,71.1497650146484,0.567921817302704,-0.239567920565605,0.793221831321716,1.77782511711121,1.70767426490784,1.2468718290329,0.534567475318909,0.247887805104256,0.0078917583450675,0.0973174944519997,2.08867239952087
Mauritius,5.90229988098145,0.0565967634320259,6.01322937011719,5.7913703918457,9.95720100402832,0.888333261013031,63.8501243591309,0.812942683696747,-0.0282245129346848,0.774905681610107,1.77782511711121,1.58897840976715,1.38171565532684,0.335676580667496,0.573943436145783,0.12128746509552,0.110436752438545,1.7902364730835
Thailand,5.84299993515015,0.0641792118549347,5.96879100799561,5.71720886230469,9.75147247314453,0.873507440090179,68.4496459960937,0.850337624549866,0.288653165102005,0.910390675067902,1.77782511711121,1.51519441604614,1.34426534175873,0.460998207330704,0.623705863952637,0.291307300329208,0.0133933015167713,1.59410572052002
Mongolia,5.84019994735718,0.0459125749766827,5.93018865585327,5.75021123886108,9.37242221832275,0.93282687664032,60.4999313354492,0.701162934303284,0.190460965037346,0.848721504211426,1.77782511711121,1.37924909591675,1.49410736560822,0.244394972920418,0.425195217132568,0.238622546195984,0.0575649030506611,2.00105333328247
Kyrgyzstan,5.82530021667481,0.0448677428066731,5.91324090957642,5.73735952377319,8.48583316802979,0.911150336265564,66.8524703979492,0.93429297208786,0.181351095438004,0.903790533542633,1.77782511711121,1.06127643585205,1.43935191631317,0.417480498552322,0.735427439212799,0.233734667301178,0.0181207656860352,1.9199013710022
Moldova,5.81920003890991,0.0522198118269444,5.92155075073242,5.7168493270874,9.49877548217773,0.85663503408432,65.2990646362305,0.839715778827667,-0.0800843685865402,0.900856614112854,1.77782511711121,1.42456531524658,1.30164527893066,0.375155359506607,0.609571099281311,0.0934622064232826,0.0202222354710102,1.99459147453308
China,5.81790018081665,0.0444744639098644,5.90507030487061,5.7307300567627,9.73806571960449,0.835698485374451,68.6887969970703,0.881891191005707,-0.0407825037837029,0.727227985858917,1.77782511711121,1.51038610935211,1.24875903129578,0.467514276504517,0.665695011615753,0.11454950273037,0.144586712121964,1.66642761230469
Vietnam,5.7632999420166,0.0518048107624054,5.86483716964722,5.66176271438599,9.28693866729736,0.821142971515656,65.5024185180664,0.938640594482422,-0.00364274391904473,0.758844077587128,1.77782511711121,1.34859073162079,1.21199142932892,0.380696088075638,0.741212904453278,0.134476751089096,0.121941149234772,1.82443904876709
Paraguay,5.73780012130737,0.0575034692883492,5.85050678253174,5.62509346008301,9.50972270965576,0.906064331531525,65.8998718261719,0.890843212604523,0.0207431670278311,0.842590391635895,1.77782511711121,1.42849159240723,1.42650473117828,0.391525357961655,0.677607715129852,0.147560924291611,0.0619564168155193,1.60411930084229
Montenegro,5.7221999168396,0.111815683543682,5.94135856628418,5.50304126739502,9.81259059906006,0.88960599899292,67.0999984741211,0.80499804019928,0.063483290374279,0.844438254833221,1.77782511711121,1.53711426258087,1.38493049144745,0.424224823713303,0.563371300697327,0.17049303650856,0.0606328509747982,1.58139610290527
Jamaica,5.70270013809204,0.0885063335299492,5.87617254257202,5.52922773361206,9.16460132598877,0.867314040660858,66.5999984741211,0.822379052639008,-0.106256932020187,0.875067234039307,1.77782511711121,1.30471467971802,1.32862067222595,0.41060146689415,0.586500644683838,0.0794193893671036,0.0386943221092224,1.95415377616882
Bolivia,5.6842999458313,0.057363249361515,5.79673194885254,5.57186794281006,8.98460292816162,0.811341524124146,63.5989418029785,0.868363440036774,-0.0627197548747063,0.845795691013336,1.77782511711121,1.24015879631042,1.18723273277283,0.328832685947418,0.647693276405335,0.102779135107994,0.0596605651080608,2.11796998977661
Russia,5.66069984436035,0.0371816568076611,5.73357582092285,5.58782386779785,10.2097482681274,0.888661682605743,64.947265625,0.719370841979981,-0.0303580816835165,0.801419675350189,1.77782511711121,1.67955374717712,1.38254523277283,0.36557000875473,0.4494249522686,0.120142705738544,0.0914456471800804,1.57199192047119
Bosnia and Herzegovina,5.63250017166138,0.0726704150438309,5.7749342918396,5.49006605148315,9.61576366424561,0.880300462245941,67.275032043457,0.746143400669098,0.206407099962234,0.917537808418274,1.77782511711121,1.46652281284332,1.36142468452454,0.428993910551071,0.485051900148392,0.247178390622139,0.00827404484152794,1.63502526283264
Colombia,5.63040018081665,0.0596279464662075,5.7472710609436,5.5135293006897,9.58442974090576,0.821668982505798,69.3496856689453,0.804261684417725,-0.104314588010311,0.83354651927948,1.77782511711121,1.45528507232666,1.21332013607025,0.485521286725998,0.562391400337219,0.0804615467786789,0.0684342458844185,1.76498699188232
Dominican Republic,5.5689001083374,0.0727870836853981,5.7115626335144,5.4262375831604,9.81059169769287,0.827063620090485,64.3989639282227,0.850022792816162,-0.09879419952631,0.656794726848602,1.77782511711121,1.53639733791351,1.22694706916809,0.350630611181259,0.623286902904511,0.0834235027432442,0.195035740733147,1.55322027206421
Ecuador,5.55889987945557,0.0626056641340256,5.68160676956177,5.43619298934937,9.2702112197876,0.805753648281097,69.0002212524414,0.802229523658752,-0.107672855257988,0.832565784454346,1.77782511711121,1.34259140491486,1.17311763763428,0.475999563932419,0.55968713760376,0.0786596834659576,0.0691367164254189,1.8597559928894
Peru,5.52589988708496,0.0579938627779484,5.63956785202026,5.41223192214966,9.40151882171631,0.797964990139008,69.8498382568359,0.794370114803314,-0.118852138519287,0.891711831092835,1.77782511711121,1.38968455791473,1.15344333648682,0.499148786067963,0.549228429794312,0.072661466896534,0.0267723444849253,1.83500576019287
Philippines,5.52290010452271,0.0774737969040871,5.67474889755249,5.37105131149292,8.97873210906982,0.779932141304016,62.0375175476074,0.918547570705414,-0.0598896220326424,0.732090592384338,1.77782511711121,1.23805320262909,1.1078919172287,0.286289066076279,0.714474618434906,0.104297645390034,0.14110378921032,1.93080806732178
Bulgaria,5.46610021591187,0.0590321831405163,5.58180332183838,5.35039710998535,10.0866851806641,0.918244659900665,66.4997711181641,0.800536453723908,-0.0568269826471806,0.910979747772217,1.77782511711121,1.63541758060455,1.45727252960205,0.407870620489121,0.557434141635895,0.105940893292427,0.0129713676869869,1.28919792175293
Nepal,5.36030006408691,0.074702188372612,5.50671625137329,5.21388387680054,8.25601196289063,0.747856676578522,61.8470001220703,0.807949483394623,0.14593517780304,0.783375918865204,1.77782511711121,0.978851675987244,1.02686858177185,0.28109809756279,0.567298829555512,0.214732348918915,0.104369796812534,2.18703675270081
Armenia,5.34170007705689,0.06570153683424,5.47047519683838,5.21292495727539,9.61471271514893,0.790231049060822,67.7889709472656,0.795605063438416,-0.155314967036247,0.705433905124664,1.77782511711121,1.46614587306976,1.13390719890594,0.442997008562088,0.550871789455414,0.0530974417924881,0.160197094082832,1.53447461128235
Tajikistan,5.32980012893677,0.0624410584568977,5.45218467712402,5.20741558074951,8.23653316497803,0.835571944713593,62.225528717041,0.832002460956574,-0.0597585737705231,0.521577417850494,1.77782511711121,0.971865713596344,1.2484393119812,0.291411757469177,0.599306762218475,0.104367956519127,0.29188746213913,1.82252788543701
Algeria,5.32910013198853,0.0621362887322903,5.45088720321655,5.2073130607605,9.30021381378174,0.855219006538391,66.5492324829102,0.571240425109863,-0.117374032735825,0.716906428337097,1.77782511711121,1.35335171222687,1.29806816577911,0.409218281507492,0.252303957939148,0.0734545439481735,0.151979714632034,1.79069519042969
Hong Kong S.A.R. of China,5.30849981307983,0.0480184145271778,5.40261602401733,5.21438360214233,10.9664430618286,0.816924750804901,77.2797775268555,0.687337458133698,-0.0258915331214666,0.384609669446945,1.77782511711121,1.9509402513504,1.201336145401,0.70158988237381,0.406797289848328,0.122539222240448,0.389992922544479,0.535256385803223
Albania,5.27729988098145,0.0657192319631577,5.40610980987549,5.1484899520874,9.56747245788574,0.717909157276154,69.1500701904297,0.794327795505524,-0.00693239877000451,0.878093600273132,1.77782511711121,1.44920337200165,0.951220512390137,0.480082452297211,0.549172103404999,0.132711693644524,0.0365266352891922,1.6784245967865
Indonesia,5.27689981460571,0.0589416436851025,5.39242553710938,5.16137409210205,9.38515567779541,0.803985059261322,63.0477447509766,0.880113542079926,0.531386315822601,0.875990688800812,1.77782511711121,1.38381588459015,1.16865015029907,0.313814401626587,0.663329422473908,0.421545058488846,0.0380328819155693,1.28767251968384
South Africa,5.2746000289917,0.0728382095694542,5.41736268997192,5.13183736801147,9.47753524780273,0.906631350517273,56.9889717102051,0.730076372623444,-0.086628682911396,0.902142584323883,1.77782511711121,1.41694760322571,1.42793691158295,0.148733004927635,0.463671088218689,0.0899508744478226,0.0193011369556189,1.70801258087158
Congo (Brazzaville),5.26709985733032,0.088115006685257,5.43980550765991,5.09439420700073,8.0952033996582,0.604605257511139,56.8500442504883,0.730041801929474,-0.00433944677934051,0.739186108112335,1.77782511711121,0.921178162097931,0.665012300014496,0.144947692751884,0.463625073432922,0.134102925658226,0.136021509766579,2.80221700668335
North Macedonia,5.25360012054443,0.0547675602138042,5.36094474792481,5.14625549316406,9.70316982269287,0.80474841594696,66.5003509521484,0.768963575363159,0.131239697337151,0.901715278625488,1.77782511711121,1.49787080287933,1.17057836055756,0.407886415719986,0.51541930437088,0.206847548484802,0.0196072030812502,1.43543148040771
Venezuela,5.21059989929199,0.0638950914144516,5.33583450317383,5.08536529541016,5.52672338485718,0.838825404644012,64.0498352050781,0.658706963062286,0.128371238708496,0.811434984207153,1.77782511711121,0,1.25665760040283,0.341118037700653,0.368697971105576,0.205308467149734,0.0842720121145248,2.95456051826477
Laos,5.11070013046265,0.0809439718723297,5.26935052871704,4.95204973220825,8.96240901947022,0.678946971893311,60.9455871582031,0.918855309486389,0.0909888669848442,0.702521860599518,1.77782511711121,1.23219907283783,0.852801144123077,0.256537616252899,0.714884102344513,0.185251072049141,0.162282899022102,1.70676136016846
Georgia,5.10909986495972,0.0558504387736321,5.21856689453125,4.99963283538818,9.64626312255859,0.716171443462372,64.950065612793,0.786470174789429,-0.25427633523941,0.648892462253571,1.77782511711121,1.47746133804321,0.946830987930298,0.365646302700043,0.538715779781342,0,0.200695872306824,1.57974576950073
Guinea,5.07170009613037,0.0719263628125191,5.21267557144165,4.93072462081909,7.88049173355103,0.648632943630219,54.1853942871094,0.6587153673172,0.125200688838959,0.786968648433685,1.77782511711121,0.844172418117523,0.776227235794067,0.0723448619246483,0.368709146976471,0.203607320785522,0.101796440780163,2.70487546920776
Ukraine,5.07140016555786,0.0588089376688004,5.18666553497314,4.95613479614258,9.31371593475342,0.877526223659515,64.5501708984375,0.795423984527588,0.240311071276665,0.906738638877869,1.77782511711121,1.358194231987,1.354416847229,0.354750514030457,0.550630867481232,0.265369474887848,0.0160091351717711,1.17206478118896
Ivory Coast,5.05270004272461,0.0743440687656403,5.19841432571411,4.90698575973511,8.57638549804688,0.572348356246948,55.9527130126953,0.732654750347137,0.00282052415423095,0.74585098028183,1.77782511711121,1.09375274181366,0.58353066444397,0.120498411357403,0.467102199792862,0.137944594025612,0.13124768435955,2.51860952377319
Gabon,5.0346999168396,0.0715794414281845,5.17499542236328,4.89440441131592,9.53748226165772,0.745508670806885,58.2517890930176,0.641774117946625,-0.187012106180191,0.786314785480499,1.77782511711121,1.43844747543335,1.02093744277954,0.183140575885773,0.346164971590042,0.0360904298722744,0.102264784276485,1.90762853622437
Nigeria,4.98059988021851,0.0795095637440681,5.13643884658814,4.82476091384888,8.49583911895752,0.739812433719635,54.8908271789551,0.718404352664948,0.0728492066264153,0.911167204380035,1.77782511711121,1.0648649930954,1.00654864311218,0.0915655568242073,0.44813883304596,0.175518289208412,0.0128370989114046,2.18114686012268
Cameroon,4.97319984436035,0.0710119381546974,5.1123833656311,4.8340163230896,8.21674919128418,0.686231195926666,55.8471374511719,0.686278879642487,0.0147625766694546,0.846364498138428,1.77782511711121,0.964770197868347,0.871201276779175,0.117621831595898,0.405388623476028,0.144352063536644,0.0592531487345696,2.41061353683472
Mozambique,4.9539999961853,0.115620784461498,5.18061685562134,4.72738313674927,7.11630058288574,0.691816329956055,51.5302124023438,0.851470708847046,0.0466913282871246,0.660460293292999,1.77782511711121,0.570097386837006,0.885309457778931,0,0.62521368265152,0.161483347415924,0.192410215735436,2.51948595046997
Iraq,4.94089984893799,0.0805387049913406,5.09875583648682,4.78304386138916,9.09843254089356,0.71845281124115,63.4147338867188,0.645771205425262,-0.00539968442171812,0.876264035701752,1.77782511711121,1.28098344802856,0.952593803405762,0.323813617229462,0.351484000682831,0.13353405892849,0.037837091833353,1.86062049865723
State of Palestine,4.90780019760132,0.092278353869915,5.08866596221924,4.7269344329834,8.71637725830078,0.859494507312775,,0.694499790668488,-0.13236990571022,0.835794925689697,1.77782511711121,1.14396047592163,1.30886828899384,,0.416328400373459,0.0654085502028465,0.0668237879872322,
Morocco,4.9028000831604,0.0613062679767609,5.02296018600464,4.78263998031616,8.97306632995606,0.553110122680664,63.9007759094238,0.787282586097717,-0.230783730745316,0.810825347900391,1.77782511711121,1.2360212802887,0.534934461116791,0.337056666612625,0.539796888828278,0.0126048903912306,0.0847086757421494,2.15769863128662
Iran,4.87629985809326,0.0530714057385922,4.98031997680664,4.77227973937988,9.61032295227051,0.777547299861908,66.5999450683594,0.592562198638916,0.172932803630829,0.747031271457672,1.77782511711121,1.46457159519196,1.10186779499054,0.410600036382675,0.280677407979965,0.229217857122421,0.130402266979218,1.25895810127258
Senegal,4.85510015487671,0.0651435479521751,4.98278141021729,4.72741889953613,8.15528678894043,0.629286110401154,59.9989318847656,0.771607220172882,0.0107729323208332,0.845892131328583,1.77782511711121,0.942726910114288,0.727356731891632,0.230744406580925,0.518937289714813,0.142211437225342,0.0595914870500565,2.23357677459717
Mauritania,4.72389984130859,0.146538466215134,5.01111507415772,4.43668460845947,8.59091377258301,0.64389306306839,60.4749984741211,0.622217357158661,-0.0127996131777763,0.657324194908142,1.77782511711121,1.09896326065063,0.764254212379456,0.24371562898159,0.320140302181244,0.129563644528389,0.194656506180763,1.97257518768311
Burkina Faso,4.63759994506836,0.0926163569092751,4.81912803649902,4.4560718536377,7.66671562194824,0.663475155830383,55.4613075256348,0.696463406085968,0.0953673347830772,0.771366059780121,1.77782511711121,0.767502248287201,0.813719034194946,0.107109248638153,0.41894143819809,0.187600329518318,0.112972065806389,2.22974324226379
Namibia,4.63079977035522,0.0688771083950996,4.76579904556274,4.49580049514771,9.1207389831543,0.786924660205841,56.8513298034668,0.669482231140137,-0.125577077269554,0.830382347106934,1.77782511711121,1.28898358345032,1.12555515766144,0.144982725381851,0.383036881685257,0.0690532252192497,0.0707006379961968,1.54851245880127
Turkiye,4.61350011825562,0.0833059996366501,4.77677965164185,4.45022058486939,10.3068132400513,0.79578173160553,68.6626968383789,0.475323915481567,-0.0770171359181404,0.794897377490997,1.77782511711121,1.71436583995819,1.14792835712433,0.466803133487701,0.12466537207365,0.0951079279184341,0.0961173549294472,0.968547344207764
Ghana,4.60500001907349,0.0632407441735268,4.72895193099976,4.48104810714722,8.59574413299561,0.640672087669373,58.7627754211426,0.776914358139038,0.139253854751587,0.880533933639526,1.77782511711121,1.10069572925568,0.756117939949036,0.197063252329826,0.52599960565567,0.211147502064705,0.0347787030041218,1.77922248840332
Pakistan,4.55539989471436,0.0773996636271477,4.70710325241089,4.40369653701782,8.54032039642334,0.601332664489746,57.3125,0.765680253505707,0.00781548675149679,0.786621689796448,1.77782511711121,1.08081817626953,0.656745672225952,0.15754808485508,0.51105010509491,0.14062462747097,0.102044954895973,1.90657019615173
Niger,4.50129985809326,0.107510767877102,4.71202087402344,4.29057884216309,7.09098339080811,0.59006655216217,56.5499992370606,0.787751495838165,0.0322939865291119,0.733547568321228,1.77782511711121,0.561017453670502,0.628287255764008,0.136772468686104,0.540420889854431,0.153758481144905,0.14006020128727,2.34101462364197
Tunisia,4.49669981002808,0.0531427040696144,4.60085964202881,4.39253997802734,9.24356746673584,0.729762375354767,67.0000839233398,0.57649177312851,-0.212603718042374,0.906737387180328,1.77782511711121,1.33303570747375,0.981162011623383,0.421502470970154,0.25929206609726,0.022359324619174,0.0160100311040878,1.46331000328064
Kenya,4.48659992218018,0.0662471279501915,4.61644411087036,4.35675573348999,8.45825862884522,0.690004587173462,58.4985084533691,0.695590376853943,0.288115173578262,0.852420687675476,1.77782511711121,1.05138695240021,0.880732953548431,0.189862862229347,0.417779684066772,0.291018635034561,0.0549152977764607,1.60088300704956
Sri Lanka,4.44159984588623,0.0825917050242424,4.60347938537598,4.27972030639648,9.49100780487061,0.825963318347931,67.14990234375,0.786556124687195,-0.0299883000552654,0.808490633964539,1.77782511711121,1.42177951335907,1.22416770458221,0.425584524869919,0.538830161094666,0.12034110724926,0.0863809511065483,0.624547719955444
Uganda,4.43249988555908,0.088823489844799,4.60659408569336,4.25840568542481,7.71577167510986,0.794043123722076,58.912727355957,0.701275289058685,0.11373607814312,0.857214748859406,1.77782511711121,0.785096049308777,1.14353656768799,0.201148942112923,0.425344735383987,0.197456032037735,0.0514814704656601,1.62845802307129
Chad,4.39659976959229,0.120609395205975,4.63299417495728,4.1602053642273,7.2611289024353,0.722041845321655,53.125,0.676734864711762,0.221161678433418,0.806712090969086,1.77782511711121,0.622039675712585,0.961659789085388,0.043452650308609,0.392688155174255,0.255094915628433,0.0876548662781715,2.03405594825745
Cambodia,4.39349985122681,0.0586138404905796,4.50838279724121,4.2786169052124,8.3847827911377,0.746529459953308,61.8996315002441,0.958420157432556,0.0733139291405678,0.857204616069794,1.77782511711121,1.02503502368927,1.02351605892181,0.282532125711441,0.767534077167511,0.175767630338669,0.0514887273311615,1.06759810447693
Benin,4.37370014190674,0.066255234181881,4.5035605430603,4.24383974075317,8.10328578948975,0.437072098255158,56.095100402832,0.743356943130493,-0.0425225719809532,0.575628280639648,1.77782511711121,0.924076914787293,0.241819828748703,0.124377995729446,0.481343895196915,0.11361587792635,0.253172606229782,2.23526906967163
Myanmar,4.37249994277954,0.0818159952759743,4.53285932540894,4.21214056015015,8.40397071838379,0.786718249320984,61.3881225585938,0.727137327194214,0.491397202014923,0.658448100090027,1.77782511711121,1.03191673755646,1.12503385543823,0.268595218658447,0.459760010242462,0.400089025497437,0.193851485848427,0.893230199813843
Bangladesh,4.28210020065308,0.0684164613485336,4.41619634628296,4.14800405502319,8.68488025665283,0.544468998908997,64.5484237670898,0.845008015632629,0.0050503765232861,0.698185086250305,1.77782511711121,1.13266408443451,0.513106822967529,0.354702889919281,0.616613626480103,0.139141023159027,0.165389195084572,1.36050486564636
Gambia,4.27939987182617,0.104514583945274,4.48424863815308,4.07455110549927,7.64781665802002,0.584275603294373,57.9000015258789,0.596468150615692,0.36420351266861,0.882664918899536,1.77782511711121,0.760724186897278,0.613659143447876,0.173555538058281,0.285875141620636,0.331843614578247,0.0332523509860039,2.08053135871887
Mali,4.19780015945435,0.0619144327938557,4.31915235519409,4.0764479637146,7.65516805648804,0.593481123447418,55.4029197692871,0.712831854820251,-0.0282113049179316,0.846023738384247,1.77782511711121,0.763360738754272,0.636912524700165,0.105518378317356,0.440723359584808,0.121294550597668,0.0594972223043442,2.07049441337585
Egypt,4.17049980163574,0.0592931136488915,4.28671407699585,4.05428552627564,9.36682605743408,0.726098895072937,63.5030364990234,0.732426106929779,-0.182905942201614,0.580246210098267,1.77782511711121,1.37724208831787,0.97190797328949,0.326219588518143,0.466797947883606,0.038293581455946,0.249864935874939,0.740198373794556
Togo,4.13740015029907,0.0771484076976776,4.28861093521118,3.98618936538696,7.67326641082764,0.59535551071167,57.4489822387695,0.657430291175842,0.0240082331001759,0.739809095859528,1.77782511711121,0.769851624965668,0.641647279262543,0.161266759037972,0.366999059915543,0.149312809109688,0.135575279593468,1.91269826889038
Jordan,4.1198000907898,0.0624685548245907,4.24223852157593,3.99736166000366,9.13038158416748,0.729218423366547,67.5999984741211,0.770127713680267,-0.149884924292564,0.68720155954361,1.77782511711121,1.29244196414948,0.979787945747376,0.437848150730133,0.516968429088593,0.0560109168291092,0.17325633764267,0.663449048995972
Ethiopia,4.09060001373291,0.0929527804255486,4.27278757095337,3.90841245651245,7.73873043060303,0.782480120658875,60.6982765197754,0.720276236534119,0.273315191268921,0.78865110874176,1.77782511711121,0.793330132961273,1.11432814598084,0.249799206852913,0.45062980055809,0.283077746629715,0.100591354072094,1.09887266159058
Liberia,4.0423002243042,0.144264578819275,4.32505893707275,3.75954174995422,7.27675199508667,0.596380233764648,56.7000007629395,0.735264956951141,0.15432134270668,0.830051302909851,1.77782511711121,0.627642869949341,0.644235730171204,0.140859514474869,0.470575660467148,0.21923191845417,0.0709377527236939,1.86877679824829
India,4.03579998016357,0.0285522658377886,4.09176254272461,3.97983765602112,8.75898838043213,0.608237445354462,60.7768821716309,0.896719217300415,0.0717499554157257,0.773582875728607,1.77782511711121,1.15924274921417,0.674187302589417,0.251940965652466,0.685427069664001,0.174928486347199,0.111384235322475,0.978640556335449
Madagascar,4.01910018920898,0.0920234248042107,4.19946622848511,3.83873438835144,7.29020977020264,0.649897634983063,58.0499992370605,0.521892130374908,0.0754376798868179,0.741823196411133,1.77782511711121,0.632469475269318,0.779421865940094,0.177642479538918,0.186634913086891,0.176907107234001,0.134132653474808,1.93192553520203
Zambia,3.98219990730286,0.0943964347243309,4.16721677780151,3.79718279838562,8.07385158538818,0.693536043167114,55.0321388244629,0.790871441364288,0.0983889028429985,0.817556738853455,1.77782511711121,0.913520395755768,0.889653503894806,0.0954158306121826,0.544572651386261,0.189221531152725,0.0798871964216232,1.26995754241943
Tanzania,3.69379997253418,0.0747866481542587,3.84038186073303,3.54721808433533,7.85741186141968,0.652874767780304,59.4014854431152,0.837926626205444,0.181990027427673,0.553873181343079,1.77782511711121,0.835894882678986,0.786942183971405,0.214465975761414,0.607190191745758,0.234077483415604,0.268755078315735,0.746504306793213
Comoros,3.54520010948181,0.116598591208458,3.77373337745666,3.31666684150696,8.07459163665772,0.470725268125534,59.4249992370605,0.469872295856476,-0.0142812309786677,0.726998269557953,1.77782511711121,0.913785815238953,0.326828479766846,0.215106651186943,0.117410764098167,0.12876869738102,0.144751250743866,1.69855201244354
Malawi,3.49519991874695,0.0895595848560333,3.67073678970337,3.31966304779053,7.30152273178101,0.530796408653259,58.4753456115723,0.750035762786865,0.00519329216331244,0.748948872089386,1.77782511711121,0.636526823043823,0.478569537401199,0.189231753349304,0.490231573581696,0.139217689633369,0.129028752446175,1.43244218826294
Botswana,3.43530011177063,0.136146381497383,3.70214700698853,3.16845321655273,9.62934589385986,0.753311276435852,54.7249984741211,0.742248713970184,-0.214620560407639,0.830392062664032,1.77782511711121,1.47139406204224,1.04064702987671,0.087047278881073,0.47986912727356,0.021277192980051,0.0706936791539192,0.264346599578857
Congo (Kinshasa),3.207200050354,0.0953691154718399,3.39412355422974,3.02027654647827,7.00667142868042,0.651609778404236,55.375,0.663797676563263,0.0859979018568993,0.833751916885376,1.77782511711121,0.530779242515564,0.783746778964996,0.104757659137249,0.3754723072052,0.182573184370995,0.0682871267199516,1.16158032417297
Zimbabwe,3.20350003242493,0.060864582657814,3.32279467582703,3.08420538902283,7.64099788665772,0.689917504787445,54.0498886108398,0.65405547618866,-0.0462302304804325,0.765582323074341,1.77782511711121,0.758278608322144,0.880512952804565,0.0686527863144875,0.362508088350296,0.111626550555229,0.117114767432213,0.904855728149414
Sierra Leone,3.13759994506836,0.0824408531188965,3.2991840839386,2.97601580619812,7.39401435852051,0.555251061916351,54.8998527526855,0.66036731004715,0.104929089546204,0.857779681682587,1.77782511711121,0.669698655605316,0.540342509746552,0.09181147813797,0.370907425880432,0.192730650305748,0.0510768257081509,1.22100639343262
Lebanon,2.39219999313354,0.0444951690733433,2.47941040992737,2.30498957633972,9.47767734527588,0.529753684997559,66.1488189697266,0.47390028834343,-0.140914991497993,0.891103863716126,1.77782511711121,1.41699862480164,0.475935578346252,0.398308336734772,0.122770920395851,0.0608237087726593,0.0272078104317188,-0.109798431396484
Afghanistan,1.85899996757507,0.0325062870979309,1.9227123260498,1.79528760910034,7.32403230667114,0.341340631246567,54.7124099731445,0.381641685962677,-0.0810111239552498,0.847214818000793,1.77782511711121,0.644599795341492,0,0.086704283952713,0,0.0929649621248245,0.0586440935730934,0.976064920425415
